num_iteracoes,best_fitness,melhor_acuraria,melhor_precision,melhor_recall,melhor_f1score,melhor_curva_roc,num_atributos,melhores_atributos,tempo_ineracao
0,0.0,0.0,0.0,0.0,0.0,0.0,0,[],305677.92658376694
1,0.014699154421192196,0.9897675629509765,0.9783359634700826,0.9912620661259517,0.9846256567196111,0.9912620661259517,67,"[8, 66, 69, 96, 103, 89, 82, 67, 70, 110, 35, 49, 63, 72, 75, 78, 98, 42, 36, 50, 56, 105, 43, 91, 39, 32, 53, 84, 92, 46, 48, 41, 73, 112, 34, 85, 107, 5, 60, 86, 101, 100, 55, 76, 68, 62, 99, 113, 106, 79, 114, 87, 93, 108, 71, 57, 80, 64, 40, 33, 47, 90, 54, 61, 27, 104, 109]",305677.92658376694
3,0.01495934343195278,0.9922532498414279,0.9832883149687992,0.9935828334015728,0.9883270718850925,0.9935828334015728,66,"[70, 72, 88, 66, 96, 35, 103, 89, 82, 67, 60, 110, 69, 113, 49, 75, 114, 85, 63, 37, 101, 98, 42, 36, 56, 105, 2, 43, 39, 78, 24, 50, 32, 53, 84, 46, 41, 48, 34, 92, 73, 86, 107, 55, 99, 106, 93, 13, 100, 62, 76, 79, 64, 108, 94, 57, 87, 5, 77, 80, 109, 40, 33, 54, 83, 104]",305677.92658376694
15,0.01456762605999133,0.9955515649398073,0.9914969056121,0.9950272174220899,0.9932495355415997,0.9950272174220899,68,"[72, 50, 32, 103, 100, 75, 96, 36, 89, 82, 67, 70, 110, 35, 18, 49, 63, 78, 66, 112, 98, 104, 69, 42, 56, 92, 105, 43, 111, 39, 91, 73, 53, 84, 46, 95, 41, 34, 107, 79, 48, 29, 76, 85, 113, 11, 93, 60, 101, 86, 55, 99, 106, 108, 114, 94, 62, 57, 20, 87, 64, 33, 54, 83, 61, 97, 59, 77]",305677.92658376694
